{"cameraMode":{"drawMode":0,"name":"Shaded","section":"Shading Mode"},"sceneLighting":true,"audioPlay":false,"sceneViewState":{"showFog":true,"showMaterialUpdate":false,"showSkybox":true,"showFlares":true,"showImageEffects":true,"showParticleSystems":true},"in2DMode":false,"pivot":{"x":1.070156455039978,"y":2.877368450164795,"z":5.93058443069458},"rotation":{"x":0.03232188522815704,"y":-0.9640501141548157,"z":0.13890132308006288,"w":0.22429783642292024},"size":2.294712543487549,"orthographic":true}