{"cameraMode":{"drawMode":0,"name":"Shaded","section":"Shading Mode"},"sceneLighting":false,"audioPlay":false,"sceneViewState":{"showFog":true,"showMaterialUpdate":false,"showSkybox":false,"showFlares":true,"showImageEffects":true,"showParticleSystems":true},"in2DMode":false,"pivot":{"x":4.8030524253845219,"y":3.6535658836364748,"z":-2.309030055999756},"rotation":{"x":0.18258929252624513,"y":-0.6660509705543518,"z":0.1731942892074585,"w":0.7021781802177429},"size":3.9907453060150148,"orthographic":true}