{"cameraMode":{"drawMode":0,"name":"Shaded","section":"Shading Mode"},"sceneLighting":false,"audioPlay":false,"sceneViewState":{"showFog":true,"showMaterialUpdate":false,"showSkybox":false,"showFlares":true,"showImageEffects":true,"showParticleSystems":true},"in2DMode":false,"pivot":{"x":0.0,"y":1.751108169555664,"z":0.45704197883605959},"rotation":{"x":0.18258929252624513,"y":-0.6660509705543518,"z":0.1731942892074585,"w":0.7021781802177429},"size":4.391968727111816,"orthographic":true}